id;nordre;name;url
1;40038;capacitor Frozen Checking Account;https://alfred.info
2;79816;Tasty mesh;https://armand.name
3;56428;Shoes intermediate Ergonomic;http://columbus.net
4;46008;Zambia Salad;https://ola.net
5;83292;Chief;https://bria.name
6;98703;moratorium Exclusive deposit;http://shaun.info
7;37161;Engineer Internal deposit;https://gustave.net
8;73518;bleeding-edge systems synthesizing;https://eda.info
9;82290;Table uniform;https://jada.info
10;75542;withdrawal real-time Togo;https://napoleon.net
